frame,servo_angle,speed
0,89.6484375,0
1,89.6484375,0
2,89.6484375,0
3,89.6484375,0
4,89.6484375,0
5,89.6484375,0
6,89.6484375,0
7,89.6484375,0
8,89.6484375,0
9,89.6484375,0
10,89.6484375,0
